<?xml version='1.0' encoding='UTF-8' ?>
<timeLogEntries>
  <time id="1" path="/Non Project/PSP Training/Program 1/Planning" start="@1485392709967" delta="4" />
  <time id="2" path="/Non Project/PSP Training/Program 1/Design" start="@1485392924173" delta="5" interrupt="4" />
  <time id="3" path="/Non Project/PSP Training/Program 1/Design" start="@1485795141128" delta="9" interrupt="3" />
  <time id="4" path="/Non Project/PSP Training/Program 1/Design" start="@1485796229094" delta="24" interrupt="3" />
  <time id="5" path="/Non Project/PSP Training/Program 1/Code" start="@1485808284286" delta="5" />
  <time id="6" path="/Non Project/PSP Training/Program 1/Code" start="@1485811188896" delta="60" interrupt="13" />
  <time id="7" path="/Non Project/PSP Training/Program 1/Code" start="@1485815943557" delta="3" />
  <time id="8" path="/Non Project/PSP Training/Program 1/Code" start="@1485816512982" delta="6" />
  <time id="9" path="/Non Project/PSP Training/Program 1/Code" start="@1485817209405" delta="67" interrupt="4" />
  <time id="10" path="/Non Project/PSP Training/Program 1/Code" start="@1485822342794" delta="17" />
  <time id="11" path="/Non Project/PSP Training/Program 1/Code" start="@1485824023199" delta="54" interrupt="1" />
  <time id="12" path="/Non Project/PSP Training/Program 1/Compile" start="@1485827376391" delta="5" />
  <time id="13" path="/Non Project/PSP Training/Program 1/Test" start="@1485827660677" delta="3" interrupt="1" />
  <time id="14" path="/Non Project/PSP Training/Program 1/Postmortem" start="@1485828386630" delta="5" interrupt="5" />
  <time id="15" path="/Non Project/PSP Training/Program 1/Postmortem" start="@1485829040087" />
</timeLogEntries>
